<?xml version="1.0" encoding="UTF-8" standalone="no"?>
<BlockMap xmlns="http://schemas.microsoft.com/appx/2010/blockmap" HashMethod="http://www.w3.org/2001/04/xmlenc#sha256"><File Name="logo.png" Size="1136" LfhSize="38"><Block Hash="Wp2bkZzWoFrstpDU7fNhvkyswbxKUMKBMLyBgoiPjkM="/></File><File Name="Microsoft.ApplicationModel.Resources.winmd" Size="8192" LfhSize="72"><Block Hash="qqOn/+hQ5VLavqREKyuNO34LQZ5lx/0XS+uwlrb1Ivo=" Size="3211"/></File><File Name="Microsoft.ApplicationModel.Resources.dll" Size="153088" LfhSize="70"><Block Hash="OuGIqNv+zP6Iec7eJmxDsFa5oTlKHNSTvQLT8L90NvY=" Size="29059"/><Block Hash="kPye6dhbzGiAFoypsVsQaNwnfSbDP0s3PBai5t87fdg=" Size="12240"/><Block Hash="r1GOUgMKbLuik0AZGJ7SQqMrbTZidKliCgVhDIBbacs=" Size="4349"/></File><File Name="MRM.dll" Size="336896" LfhSize="37"><Block Hash="nZ9UVYa23bKAflBL/sOzsxJ+WRt4F0KyZ9CqmzkT3uQ=" Size="31940"/><Block Hash="/ah32+TvEpoKzYYkarPtO6nWs5LOngsxE5tepX5N4Rg=" Size="32602"/><Block Hash="aFfww4c1lMCam+tJu6st970gfk349jyk8fQ6p4UHCtQ=" Size="30221"/><Block Hash="8RXBR9QK59YgKE73SJ6R7c16SaM6pOShYT9g6nJDy4s=" Size="30075"/><Block Hash="xKc0DWQcFE8H71khW3X6f5OeB88/FPcn/EtI+/qFf+E=" Size="21508"/><Block Hash="7i/qcEN2u57tjCYBLH3U6o1S5hIzHZHiqoWV7tV6udY=" Size="3982"/></File><File Name="Microsoft.ApplicationModel.Resources.pdb" Size="4648960" LfhSize="70"><Block Hash="PWT4B16Bdxe1D+M+0ybS2heWMucIZIvgXnQRGfqBlNU=" Size="11544"/><Block Hash="4qL2gsWIyRSi8OpLNEsv8WCNPun6pRANZzQLAfmZnuU=" Size="19334"/><Block Hash="xEc2hR31TaxpRjsSBUwq459yszhN4L0sabbY0mxIBMI=" Size="17781"/><Block Hash="X4dy7iSomlXD8Qj53Bo3BvKq+feSm15KK9qOUdWERQA=" Size="13296"/><Block Hash="ueqTjNnwqWg73QbIK+mSMuBFBy0sE72Q0WOBXQJXMLA=" Size="13662"/><Block Hash="75y/KDkHdGCnA2lhVZmNptQrdQeaX8BjODpqXLDvyOQ=" Size="17609"/><Block Hash="Jua+QiBe0dW2mgCu4JM/G0VqKoXcNwjbOEb50Rj3o90=" Size="21458"/><Block Hash="Jxfy6ZVsAygDXXUWT4B2WFp8AKKxK7PYhjh0bON2HkA=" Size="17297"/><Block Hash="57UZ8OAUFOVEwHBxCSryu7xv2qt959Zp22i9WmII0sg=" Size="13866"/><Block Hash="k64Ej907sm4NsNeyiV18Fr53p7/rVtmuGJfkQrrcQ1U=" Size="18486"/><Block Hash="2nnx0MNZX+p0xSaf5hrdDJkSeCkZTiYMOBu/mEw7j7o=" Size="14175"/><Block Hash="YmfodVPkkEDSCl4lG85HEGZXIG5EeFNerQI1VaVGmyc=" Size="2026"/><Block Hash="UH/B0aaTEaYryLGr66xWrJr9B8sL/LLZbCReqpjI/rY=" Size="4398"/><Block Hash="lbhPVDFP8BOcwmPyMasTPyQ+YcZQqMjhoTv3pFz/Yg4=" Size="9675"/><Block Hash="vyXlN7AsVgFPw33CLRMUbDCczMc9X7Rl+71wMlWdBHA=" Size="8313"/><Block Hash="fmuS8tdpu/U+MRHqsHqDHt/cATqOWRhpSiBOshEfIN8=" Size="29046"/><Block Hash="gbhr+outBuSLTsfToqMyaL/minF+FcWKi7b8MZluZzk=" Size="4981"/><Block Hash="mJTRw2sRueOTEP11cbyRSFyOuq4vakxi4W24+dIISEQ=" Size="5358"/><Block Hash="VelN5P0ZJVFEYeNwAf8o4+auDS1i7/eaN24xO+uUkLk=" Size="5189"/><Block Hash="hBl+dhubv7Kbr+jU16enxaU/h21BS4P9Mc6uhcAXBec=" Size="5546"/><Block Hash="MMyMQcRu7bgc6AFRnl+2KGKkd9J18TN/yH4vmn64rFQ=" Size="5657"/><Block Hash="yGJ3PCjUA/gIUK9lKDt1XFNPLqBBI7l3nc378wTgzvI=" Size="15447"/><Block Hash="01acp5Z7WEmD0WcXqxfSMFlS0/gFSO/UjzT1khq6cbw=" Size="20257"/><Block Hash="37xwy3lGQYICiSFpNMTXvUrcrVosLgXinFEhYMQr6Iw=" Size="3695"/><Block Hash="Ews1VbzVDnOP2GEX304EoH9Ee2+UpYIAHytQrUCHpIc=" Size="5559"/><Block Hash="SjB7zG10qr9FvwOY69SF6NHQp4/cuxNTn5Sp4mJ/FzA=" Size="10196"/><Block Hash="LsS2R5cDwREDJZMvA7VecWhDFFP3yUGRTtvD+2RVh5k=" Size="15881"/><Block Hash="JhiQ/gLoPuYkDqnLzYOUYa9iQlk9qW+88l0j3JKRepE=" Size="9499"/><Block Hash="lFtHTvWYmvlaWgmWq/QSbOo5L9/PNNpt3CoeSV10+1Q=" Size="18916"/><Block Hash="hW5sP8oGtLE4jzoFlMgKv5oAWh64kXhPJbMDULPXpxU=" Size="10428"/><Block Hash="TZJA5BsZfwuy2edSA1jP1d/YvphMSBofmSpR+vpQ7+M=" Size="15481"/><Block Hash="AMmLSC4MzNHucuwmoigXOKyyQbNRJYW8Oa9uluzOFLY=" Size="16784"/><Block Hash="A5P9Zy79KLsWNicKLnsn1y9qQVs3rlTMWQD839aWWOU=" Size="18776"/><Block Hash="af78E9zJNqPTjkbNhsrA7xJRO7Mcxj9estC7Zp0oKcs=" Size="18170"/><Block Hash="HJd6xofJeNhtFd38ka/UwM4AydOHqp33cmf5LCYQJPs=" Size="14145"/><Block Hash="ZPYzYaV/AgFLUr/ltx4Zbv27s1gxgST4oOyFzrOcFDA=" Size="14813"/><Block Hash="f0xAHwNlEhbcCbuOrdsZFYEy8M6RMKcR/lfEXpw+FUw=" Size="13784"/><Block Hash="8rD5aQbkMBZj1NKhjwO/OUFgn374gYPVYnELDbhhZO4=" Size="14160"/><Block Hash="0dTLgT1An2VTq9LcUdc9p7pgVcpnOm2+N1QZOx09C7I=" Size="15471"/><Block Hash="BOpDe4WJ47miH7gsBUcMTecni9/CpZftYyCG3G52zSg=" Size="12749"/><Block Hash="q6x0dYUe/OfXtRCEVS9ATdeWYt7DEWOTDk1Hkf9Ycgw=" Size="10846"/><Block Hash="TTmcvzTC1S2Sia4wuELHVr5MCXqbgYdDpHteGMqAQYo=" Size="11899"/><Block Hash="2Cvg4XWISvItNBv28JP24OCZ+D893SOvHHn/m00GMsY=" Size="14225"/><Block Hash="nDW7ndR2ZZJqFmFGTIh6Wa0twxY3a9h7rtNfNWVKRCE=" Size="17981"/><Block Hash="Q6ZPbNahVqDiUBnJlrKuyAjuQ7y/2wcUETS2pamKetE=" Size="20125"/><Block Hash="1nfjbG0DnB2lnZE4ICS5p2AriZm0tmZvbbmIN6jd26s=" Size="20104"/><Block Hash="EV2UuMn/jNiC3/SOtU6R2GmM7WzVIFonqd6rDF+7D40=" Size="15122"/><Block Hash="OROrk61wFTUP+Iqp3Iz4aedGSXaE5wiGs/YbeLcrHWQ=" Size="10182"/><Block Hash="POzkGIcCenfgC86eGdjf2tdmPVmmZPPwb9rYplf8zic=" Size="7737"/><Block Hash="1R+dpGqPPFOZ1vscdi/eeQbeECY/oNXS5y9LyApYo7A=" Size="9759"/><Block Hash="QHnW/b+ihdVsnYSD56x0VbMjElJJRRWssw5nQqN6z9I=" Size="9042"/><Block Hash="UM0SWX38f3RVzUv7gtQvS5ANMIuebISIqda+1p/F/Xc=" Size="10147"/><Block Hash="Fw476MndxcoWPvD+W/7aGi7OlylxfdYKOGm2aTURVuk=" Size="10482"/><Block Hash="U4uxB4ao8O5PlkyacBtYy00iluZbziWMzQBJIyIsBK4=" Size="9322"/><Block Hash="1pwU7zZCfVkmJdGD6tO5HezbcMAa1ExFb4djMwAtj68=" Size="8513"/><Block Hash="vT1275iAeAcK5DMTkVzvqbh6SAWK4O1uUtdV70QSnjg=" Size="8987"/><Block Hash="6hoWs8WgN4PMlPMaycby2WyrCpaGuQCPttDIvLq4EwA=" Size="11008"/><Block Hash="vHg/jRYIERcyQORueRgCT+CvKQIzGe7ZWlCcbQN9oc4=" Size="10500"/><Block Hash="anzYn63f3ybjkWcR5CexZ/47NT1a2ZSQjRdQi98qgk4=" Size="10760"/><Block Hash="hQ2v6Ws6biW6JLEWeVM5nGjxT1a4SSZfOlIfmZQd7/Y=" Size="12003"/><Block Hash="MBFc6GsvFNB+KF/NtlrIPGgillaHqhqUGZu6gadW5pA=" Size="8716"/><Block Hash="JxKsvB8nSQG/QqKsvhdEvvkwu2Op96Y4Qm0hYPs3mg8=" Size="8869"/><Block Hash="mn7U3KJ8KO6ZEvo7WHa2hewQ5Z1kAfNv1ydx8tDFdMw=" Size="10184"/><Block Hash="P91d91vrpmtI/VFzPTLwvlS931VcyfGSwJ8ENJ3oisI=" Size="8110"/><Block Hash="J0KGYOo569eRGnTDPt+1ygB1X6Zu5tXYDtLbxHy5Cbg=" Size="8435"/><Block Hash="ELq+LOuQFQkLmMNiAUWAgI5QpjZS8qjr5FiZJmZoBZU=" Size="27548"/><Block Hash="2qUaI9f13Og7VZtp8vPYOePhOEU56nxpRrMMBiVnpH8=" Size="47857"/><Block Hash="lJyV/knJ7AJW4blXzIUG0GhEAR0MhMSMGw1eDJhw3mM=" Size="47844"/><Block Hash="3H9/HkKoH2x75SGJ4mOGD//6YBzViuliAIjgvNhgSFA=" Size="19159"/><Block Hash="DMN/Wc9T0g8kkvr25MO2GbbhGENUguOKn4obNkN88C8=" Size="19343"/><Block Hash="2LRV9IW9PMr1uLdo/J0qundydtTBd3v+4KHzR+4MNP0=" Size="23801"/></File><File Name="MRM.pdb" Size="3289088" LfhSize="37"><Block Hash="fCociq5q3xDnMiZFLn+abAFqFvLxEljazvQaYQMMjfA=" Size="11578"/><Block Hash="a7t9PRvjgCLg2yYcZjtGMJh3kYe+BN2kFFu3VVDjhnY=" Size="23361"/><Block Hash="UaCACEs4xrLVjdNo8SD6WzxW+ifTXohsXUIK54d91/Y=" Size="22600"/><Block Hash="z8TdpNUBLCnISklTAKP0Bl+e3y5IJpW20zQk2u+9Z4s=" Size="21860"/><Block Hash="3eu7mNLvf6AqZuMj6hB6WfIGuQkxqb34m0GoWL2wp8M=" Size="23303"/><Block Hash="qcXxygyFRWDWWWCL/pmGkknIaXSdKUymnL8vWSbqrq4=" Size="21919"/><Block Hash="7S3lSAK/dB9GXAgMB3mZIElS5SHI11HhtyDrSSZz7/8=" Size="19403"/><Block Hash="T0njQPsZY2cxAqbg/MqDMMal8679XeZ2L317vLMUyUw=" Size="21427"/><Block Hash="4L93RcYJ3GbQGWKCPq39bMloHZxddcxcRn+U9og5L08=" Size="22438"/><Block Hash="a9/OSipPfpMcoD2rkIRB1iBB225p3Cl2gzKKKc3wR+M=" Size="20935"/><Block Hash="9i90j+5wU+my/xlaJRdfwsyUWDGUKML+F1cjphbXE58=" Size="18297"/><Block Hash="yopFlhOoMpKzgqrb+h3lsN57ShySbpDCNiMGWwWVAx4=" Size="19630"/><Block Hash="FFFDI3AXAAx6XrbIZ6FYz4cOJ5tIecj+5LvfT8s2w8I=" Size="20998"/><Block Hash="tlhMlpZyPPDSmxmOzOB+kqyLTZmmCEVoiYXm6idg/0M=" Size="21756"/><Block Hash="OmjlK6/H/QgTtyE2b/MWcHvqndqJYVd2eYoKkB0Gpc0=" Size="18105"/><Block Hash="tOn8p0EwQaLvfMA8eZM/aPibfFK0imWk4kMm0Hwdmm8=" Size="17831"/><Block Hash="Y5lG+nVAh+3B6XkBqkfUf/z2XexS9yuJ6bYHEyeSIfA=" Size="1863"/><Block Hash="on1BPlEBBs+CKHIcu05VhNu/BqDOh19UqGtbux/Nabk=" Size="6643"/><Block Hash="m4I8rOt4zxuABmPvhKYw3KYX94YdRJOdfDqPtzIzWmY=" Size="7137"/><Block Hash="MMUrxgntQg4tnGKFxSHZk10OKcukmhPRQjgguncbvuw=" Size="10383"/><Block Hash="4/fZ9HL8Q5OP7W1Ell0bVIonBp8lLe0IlBMnZA11v1c=" Size="20661"/><Block Hash="hGRImL0abCEtXNDSZlGwsqUe08WVCp6wmu9cGUVty4I=" Size="15657"/><Block Hash="nnh/p8KMC7u8jY+fFN8h0yN9leoMy01eyKBBv5AHYp8=" Size="25817"/><Block Hash="Id8a1/LFuEuWfYOhr5qlUg5wjuKOkCC8XrS3gQleCNU=" Size="14898"/><Block Hash="9YMGQ1MjmLCU7/2wtT76RFnkmyb1CzEhi4vKcLNkoUc=" Size="10884"/><Block Hash="aF0tM2y+/uRLxaQ0T+86a/3wcCgIMAx2HiMcb0+Mbe8=" Size="11818"/><Block Hash="s85r+k9Esfw30ePTGqm5Tc4g2o/9CMV4zu5kAal1fUo=" Size="15333"/><Block Hash="s77M1/1vzqgqP4PyeKGFKNQibl5ATDumwJjQx8X/UBY=" Size="10321"/><Block Hash="vNE7jUz6j0F2nZyx5xJOBLBFKlC+vk/G42VjuZ85Tjc=" Size="16732"/><Block Hash="R33fdjv6WWapwR4u+pz9L/xhYJUDQVZt3JcdVtMfhDk=" Size="18730"/><Block Hash="v6ClOW4cwLpAKPtWLuoTVTAcNj1Gu4l/0WkfSEcDghQ=" Size="15801"/><Block Hash="plPPEFsr90WbT/PHzk7UqOvxRjEb7SwMPpG28ofYP5s=" Size="11788"/><Block Hash="QFjOlbrxxu/4Z0kjzGOoqou3QRpqI8Zx1Y6uZ9YdlDo=" Size="16505"/><Block Hash="jdb4yMj8X0pSmpcCpScrBCJGgFwnSrew/lI7aLmcLLU=" Size="16886"/><Block Hash="29zWwuM3brwip0qtIO0OXFcp485Bq5YB73TeyTTz4Io=" Size="17030"/><Block Hash="W6b+Yabwpzrz1g9DU5TWVTlwi8IEj1ZjKU6zypfTCr4=" Size="16874"/><Block Hash="iXMSG/3Xo6mCa7d0tiu251XHMB/uUz5cnLJrKsub6nA=" Size="17342"/><Block Hash="r0KXCesf+1mjcNbEF+nl590Vr73LdSpahJy1rt144ko=" Size="11375"/><Block Hash="eEPjCez8uaHKRKhMzUTB7Nr66NcdgV5Kw20GHe4H5Lk=" Size="8593"/><Block Hash="Y/wLJMaH4qNLONzxO3TZh0+044a5mjInJT9ZVjw8nms=" Size="13963"/><Block Hash="17Ih3dpkMZN/isFMt3VhSjhZR9QnZrQzcT2X900xk2E=" Size="12291"/><Block Hash="l7A7h4HErrzIzrI4NtdaXHaj5wUoHiGOHtbkR6RFz2g=" Size="12779"/><Block Hash="1/SlE/lD8Hdo42HPqw4lc74DxVdUdWV0Y7NZu2dtidg=" Size="12789"/><Block Hash="pyR48G2nVp94cRL/Sxvo6708/oLDwsgii925jmSwbRs=" Size="14700"/><Block Hash="+1Xn4+SlE3n1dmffwV171rT5ZPQWg38YLbB2Ctu98RY=" Size="18011"/><Block Hash="icmfFe7KNmlg98sjLRB9nOyLvVO/zuIOgRY20jw+OdM=" Size="17581"/><Block Hash="7y63bs/gNVQuVfDAXJSuoDcWa0AFNmFF4pjTu3wWcPk=" Size="25136"/><Block Hash="ucl0sC4HTBu0EYnnEHa7bareTlzO8bLUVlrHBYaU5ws=" Size="43543"/><Block Hash="LlSgbtGWXDZDREiPenxAjrka2LX4K31WjnD7d3w4Xo0=" Size="20531"/><Block Hash="l2EILZaMd3hFHBg47WP1Hmub1rBWgj628/a6P8PgWag=" Size="22167"/><Block Hash="YuuvRgz0Nh6B8GeRqp1TjrDeFOYbSPiWlHg3ySJOS4A=" Size="1705"/></File><File Name="AppxManifest.xml" Size="1766" LfhSize="46"><Block Hash="f4y6MMjOgCCpbIWVhSd9l9Jc0p/eEvLYnQ0mZZJnaco=" Size="650"/></File></BlockMap>